,area,perimeter,,equi_diameter,average_rect,,aspect_ratio,rectangularity,circularity,compactness,,color_mean,color_std,contrast,correlation,inverse_difference_moments,entropy
0,121464.0,1541.6753115653992,0,393,2020,1,1.4353562005277045,1.69742475136666,19.567631284086403,0.6422019319517185,2,534,135,6.444494567152589,0.9982435521010963,0.9029058772401851,6.477964054145203
0,62699.0,1162.1706960201263,0,282,1862,1,0.685785536159601,1.7587999808609387,21.541662972103303,0.5833519274084255,2,559,104,4.280459297228353,0.9980808570531906,0.9172703438745767,6.2044685283807555
0,133231.0,1682.0428433418274,0,411,2187,1,1.3379310344827586,1.9002334291568779,21.235809435022325,0.5917537851716911,2,542,133,5.653435905475754,0.9984207344051256,0.8773596019255923,6.823364691315131
0,72428.0,1201.4255321025848,0,303,1837,1,1.3174603174603174,1.804895896614569,19.9290786600207,0.6305545192898606,2,562,108,5.3000772822070354,0.9977723400230464,0.9079213339711247,6.191733116685928
0,79775.0,1216.6559792757034,0,318,1815,1,1.6200716845878136,1.58079598871827,18.555334025789044,0.6772376394245375,2,553,113,4.790593581171766,0.9981367684448761,0.9180044730609429,6.014348103500455
0,117400.0,1546.8468823432922,0,386,2109,1,1.285012285012285,1.8131260647359455,20.381050063161524,0.6165713040012948,2,545,127,6.075855694942417,0.9981106311463637,0.8886028661666007,6.444221106090982
0,173177.5,1807.3149188756943,0,469,2233,1,1.4940898345153664,1.5437109324248242,18.86149884361801,0.6662445396597493,2,523,143,6.29928173548042,0.9984725694422637,0.8646503692460922,6.991039960198124
0,227527.0,1871.01340341568,0,538,2257,1,1.138996138996139,1.3432251996466353,15.385827421629635,0.816749744423441,2,511,165,10.77602076451796,0.9979923313731862,0.8209000688812045,7.720235656654306
0,344478.0,2719.468371629715,0,662,2793,1,1.290633608815427,1.9747618135265532,21.46873885790783,0.5853334328360166,2,504,200,14.326240414786575,0.9981894189684677,0.7649275416764202,7.749735499897616
0,180256.5,1947.363688468933,0,479,2292,1,1.1570093457943926,1.8371875632778845,21.037939464969796,0.5973194587465847,2,526,150,7.76459315500139,0.9982619494661673,0.8562884828747958,6.932085878267539
0,119620.0,1486.2194654941559,0,390,2040,1,1.0754716981132075,1.6163183414144793,18.465543384164306,0.6805307784842036,2,537,134,5.865308969252578,0.9983913942198114,0.8951591716645306,6.873434674817114
0,151160.5,1703.9179513454437,0,438,2250,1,1.6449086161879896,1.5962503431782773,19.206977913656374,0.6542606895707598,2,537,143,11.679490467274965,0.9971244389634183,0.8469233275741277,6.9726519583929365
0,201234.5,2033.1038056612015,0,506,2374,1,1.310734463276836,1.8365439325761737,20.540767535358306,0.6117770717539046,2,518,159,9.778362606925393,0.9980806035383735,0.8268222585557418,7.113621401764015
0,256895.0,2320.48352766037,0,571,2548,1,1.2331189710610932,1.8570777944296308,20.960485031406275,0.5995267092116557,2,502,171,8.817751804617913,0.9984477671369968,0.8255374015034953,7.5105064140055635
0,10446.0,499.36247992515564,0,115,2381,1,0.7888198757763976,1.9573999617078308,23.871614623492388,0.5264147738876629,2,457,199,13.932875502677895,0.998224953548534,0.7394239306194474,8.665822599385642
0,273001.0,2167.346448302269,0,589,2512,1,1.3908256880733945,1.5132179003007316,17.2064960456865,0.7303271148869056,2,499,184,16.271851088028086,0.9975725778928513,0.7826012444306308,7.989323248265437
0,268816.5,2261.897741675377,0,585,2501,1,1.3609154929577465,1.6333223593045814,19.032244649402735,0.6602673959822982,2,503,177,12.356587263735165,0.9979901438823313,0.7989671085999464,7.962741806916945
0,228275.0,2187.429708123207,0,539,2473,1,1.0723270440251573,1.90012923009528,20.960896848012172,0.5995149303714505,2,512,170,10.048923883928143,0.9982649858080235,0.8196489973938285,7.624337980399199
0,299097.0,2428.365780234337,0,617,2599,1,1.4058919803600656,1.754778550102475,19.71587933885368,0.6373730736723917,2,515,193,13.173900281245354,0.9982221400928509,0.7554754660972651,8.270149008772343
0,212505.5,2046.7951521873474,0,520,2348,1,1.5884861407249466,1.6442162673436687,19.71417396263921,0.6374282096817242,2,515,165,8.71676045531639,0.998395521181984,0.8395152424338082,7.465057552658688
0,10475.5,510.6345554590225,0,115,2382,1,0.6820809248554913,1.9487375304281418,24.891188891111028,0.5048521655326311,2,495,193,10.805728189595403,0.998531020292386,0.7968928373406011,7.852496193983934
0,594582.0,3397.267362713814,0,870,3024,1,1.3866666666666667,1.5873336226121881,19.41099046684977,0.6473843071439405,2,423,218,18.650053863760142,0.9979295233503764,0.6898150035335224,8.886525824281469
0,454004.5,2880.809428691864,0,760,2831,1,1.250338294993234,1.5040291450855663,18.2796931846269,0.6874497557173118,2,462,208,13.563200893319983,0.9983937091097939,0.7336688013251935,8.320126706768502
0,143291.5,1717.5159304141998,0,427,2153,1,1.7234042553191489,1.700366037064306,20.5864337467788,0.6104199867218604,2,526,139,6.151660475597521,0.9984251912576133,0.8856365632632214,6.944254771928016
0,105690.0,1484.1017161607742,0,366,2073,1,1.1039260969976905,1.9583120446589082,20.83979471957002,0.6029987715070185,2,538,126,6.040446707743739,0.9981579957464874,0.8908623564417316,6.9389340118479605
0,200618.0,1918.8712666034698,0,505,2359,1,1.4855875831485588,1.5061958548086414,18.35362199701126,0.6846806922582097,2,515,159,7.758831273167327,0.9984691753506629,0.8472195591095407,7.333064787815866
0,204192.5,2003.5647041797638,0,509,2358,1,1.2887596899224807,1.6804730829976615,19.659250578914232,0.6392090361693332,2,521,156,7.229918193647298,0.9985240321212392,0.8701985678495406,7.025286200927876
0,188943.5,1913.658063530922,0,490,2281,1,1.1964980544747081,1.6730398240743927,19.381916732340187,0.6483554123102405,2,504,153,8.046412200442514,0.9982626132694061,0.8548217665474485,7.264592711788545
0,210006.0,2293.2530806064606,0,517,2483,1,1.719607843137255,2.1297962915345274,25.04218780278193,0.5018080174673548,2,512,166,10.523417461971247,0.9980569037138917,0.8290379574035253,7.617113651059324
0,309505.5,2473.745501756668,0,627,2532,1,1.7650273224043715,1.7188095203477807,19.771593097574517,0.6355770398643675,2,505,186,13.432135443917225,0.9980523254436324,0.7809490154644404,7.840546791889899
0,163695.5,1902.8784074783325,0,456,2355,1,1.2553606237816763,2.0182106410988694,22.120010835039906,0.5680996590857458,2,515,148,9.230259850275312,0.9978712273798243,0.8523756536483111,7.388697325017659
0,210657.5,2119.505825161934,0,517,2369,1,1.5250501002004009,1.8026369818306966,21.325160238279533,0.5892743817137667,2,518,162,7.429636059597383,0.9985561614348526,0.8543800745596806,7.383067024038953
0,174527.0,1829.2732899188995,0,471,2301,1,1.476958525345622,1.5939883227237046,19.173198239875287,0.6554133774210072,2,505,143,6.089779600452331,0.9985398556749339,0.861319693475422,7.2727673817691425
0,251723.5,2360.6672937870026,0,566,2505,1,1.3042071197411003,1.978790220221791,22.138378307768843,0.5676283257816296,2,503,172,9.616291992429266,0.9983365096579311,0.8309264026534715,7.66413496756442
0,334862.5,2810.4561796188354,0,652,2847,1,0.6354869816779171,2.040786890141476,23.587782858808318,0.5327491222714282,2,491,186,11.302826202182356,0.9983354872023198,0.7899414206841187,7.815079853011135
0,274826.5,2337.589086532593,0,591,2464,1,0.5828505214368482,1.5795019767016645,19.882808744703592,0.6320219027257212,2,508,179,9.560332565289926,0.9984675269547897,0.8269680768729163,7.587986667113952
0,471861.5,3095.03482735157,0,775,2930,1,0.6604995374653099,1.6357214987872501,20.300958189043108,0.6190038173243236,2,455,208,15.941327637961182,0.998031061186803,0.7209429202591582,8.364511038254426
0,441016.5,3058.303942799568,0,749,2989,1,0.6419642857142858,1.8259634276722072,21.208328954910723,0.5925205442199382,2,470,204,13.576297821810067,0.9982970032707734,0.7538245433056427,7.998850220705607
0,201744.0,1994.150486588478,0,506,2365,1,0.8652037617554859,1.7456578634308828,19.711298294675746,0.6375212036516892,2,541,160,9.800059868172998,0.9980764930970685,0.8422579561099669,6.526796208162623
0,246744.0,2144.209359407425,0,560,2306,1,0.81,1.6085497519696528,18.63321408816587,0.674407032243578,2,511,166,8.980579583946579,0.9983457568072482,0.8318837477024766,6.949120485107519
0,232251.5,2155.388080239296,0,543,2445,1,0.7216216216216216,1.7014314224020082,20.002875229816116,0.6282282156931044,2,511,166,7.669524866552697,0.9985893638386079,0.8535486393909388,6.887529377751516
0,252659.0,2539.3607268333435,0,567,2698,1,0.7126948775055679,2.274686435076526,25.521960036980936,0.4923748252936173,2,504,177,11.71161254795929,0.9981033632681889,0.8259429210321175,7.172723155945578
0,236212.5,2176.9860546588898,0,548,2374,1,1.037037037037037,1.8434926178758533,20.063579540368433,0.6263274501479318,2,519,173,9.285378997618473,0.9984154768896665,0.8325906615339872,7.264717303718219
0,286064.5,2361.2459424734116,0,603,2458,1,0.887517146776406,1.6487994840324471,19.49029816998317,0.644750044599755,2,513,183,10.850778104720138,0.9983115284379517,0.8156564996990965,7.121035736681259
0,324605.5,2570.7160688638687,0,642,2615,1,0.9416873449131513,1.8846076237155562,20.358808173967795,0.6172449048578108,2,502,193,11.412080836642378,0.9984148460383685,0.7979253362852323,7.835740608451606
0,552489.5,3365.274500966072,0,838,3105,1,0.6964285714285714,1.7432801890352667,20.49825827794455,0.6130457741319502,2,429,212,20.710124474005728,0.9975732478234125,0.6700288484965219,8.510037414894565
0,91843.0,1302.3128327131271,0,341,1888,1,1.4412698412698413,1.5571137702383415,18.466499507303652,0.6804955432614107,2,534,123,4.501780063535701,0.9985048798572626,0.9162030108423167,6.7838604131847795
0,56769.5,994.1046831607819,0,268,1768,1,1.2490566037735849,1.545107848404513,17.40801171548452,0.7218728261298973,2,561,101,3.483852391027551,0.9982498186618456,0.9122856023057642,6.596605538648307
0,86437.5,1290.2123267650604,0,331,1942,1,1.0428954423592494,1.6786348517715113,19.25839882153592,0.6525137801335118,2,561,116,4.67271072952522,0.9982745226880811,0.9141145761101352,6.28671235926166
0,100463.0,1457.1311542987823,0,357,1959,1,1.272264631043257,1.9559439793754916,21.134459460976696,0.5945915313122674,2,531,124,5.530347108715357,0.9982718830330101,0.8925785645245924,7.0725311913440105
0,157467.0,1638.2783433198929,0,447,2100,1,1.224537037037037,1.4512755053439768,17.044561274368426,0.7372657126268456,2,510,144,6.54165501543161,0.998400100233169,0.8639577084250832,7.452632136945548
0,19655.0,604.1564167737961,0,158,1508,1,1.0165745856353592,1.6944288984991096,18.57059149981953,0.676681225500076,2,510,56,1.660244768844982,0.9973683534877243,0.9306589623733528,5.683768746767448
0,72837.0,1155.744290471077,0,304,1844,1,1.2709030100334449,1.559921468484424,18.338823193658346,0.6852332061691223,2,575,109,5.204483831651137,0.9976705878774025,0.891351595183647,6.054946712568799
0,47396.0,972.6315944194794,0,245,1706,1,1.2424242424242424,1.8269896193771626,19.959748047577403,0.6295856332657669,2,552,89,2.7720812361333156,0.9981931296877737,0.9219742404988832,5.987705788358667
0,57477.0,1134.0285623073578,0,270,1759,1,1.1111111111111112,2.0293334725194425,22.37452859628883,0.5616373350741121,2,562,96,3.3834464078877495,0.9980640560009664,0.9198484780977245,5.995476322025147
0,87287.0,1388.8813751935959,0,333,1923,1,1.466867469879518,1.8523262341471238,22.0994131355145,0.5686291548694835,2,569,109,2.9881395480751145,0.998514377579324,0.9183593252615774,6.029680981006678
0,103685.5,1517.148401260376,0,363,2055,1,1.2688442211055277,1.9384581257745779,22.199239734069998,0.5660721162028399,2,560,118,3.8637442957361223,0.9983750368394839,0.907477969918534,6.123607690761997
0,216739.0,2056.9200398921967,0,525,2249,1,1.2324324324324325,1.7515075736254204,19.52080636392212,0.6437423936330845,2,515,169,7.03836877861022,0.998720239482565,0.8828467379390813,7.1445758239537245
0,74110.0,1176.513844013214,0,307,1906,1,0.8311688311688312,1.6623937390365673,18.677436582846436,0.6728102413101091,2,567,109,4.691404871919756,0.9979271190377796,0.901622345521061,6.207563048738145
0,113660.5,1598.7463780641556,0,380,2062,1,1.5106382978723405,1.8789993005485635,22.48793539860599,0.5588049943943788,2,556,114,2.8664090415108436,0.9986171938584951,0.8938283071903338,6.4356875033904135
0,109047.5,1563.775817990303,0,372,2017,1,0.9159836065573771,2.0003759829432126,22.425042379983413,0.5603722125214761,2,553,130,6.007253639815488,0.9982437234775384,0.9014308634676881,6.321976817359031
0,127590.0,1650.871265053749,0,403,2066,1,1.002004008016032,1.9554824045771613,21.360419576613886,0.5883016749407517,2,551,141,4.756316089358951,0.9987274122867635,0.9023429597903958,6.393483610697244
0,88840.5,1395.7514290809631,0,336,1905,1,1.1848958333333333,1.9666706063113106,21.928310306465526,0.5730660702413537,2,574,119,4.288603568069329,0.9984512986288572,0.9071565589262545,6.085321329601275
0,119606.5,1604.1433510780334,0,390,2120,1,1.0547368421052632,1.9896493919644835,21.51451543860796,0.5840880149133513,2,549,136,6.364948281656492,0.998294206808226,0.8939448439386541,6.40450980749055
0,191292.5,2032.0154939889908,0,493,2312,1,0.9667194928684627,2.012154161820249,21.585200506090526,0.5821753015828329,2,526,162,6.311818788445054,0.9986816892686471,0.8814084973475345,6.670809031065752
0,45238.5,902.0214208364487,0,239,1765,1,1.3116883116883118,1.5471998408435292,17.985623830317223,0.6986897275799153,2,543,85,2.8609485597799784,0.9979950932893724,0.9223215402948265,5.7084449730859355
0,115208.0,1617.2732878923416,0,382,2052,1,1.4538461538461538,1.919397958475106,22.703049160909874,0.5535102587011069,2,563,88,2.1236297602138885,0.9980811622422787,0.9012325509700493,6.3522873479734425
0,168055.5,2030.4175139665604,0,462,2337,1,0.9806451612903225,2.2430685101052927,24.531153583323054,0.5122617072073664,2,545,125,3.3398860937354344,0.9985552767979344,0.8715104824106834,6.853757222956006
0,127488.0,1675.4742994308472,0,402,2112,1,1.9171597633136095,1.7179969879518073,22.019438127928023,0.5706944265040443,2,549,143,6.809546161408889,0.9983488084323346,0.8932719426882341,6.546923881171962
0,121788.0,1602.1605887413025,0,393,2100,1,1.3870967741935485,1.8497471015206752,21.076941505861637,0.5962141428757289,2,558,138,3.9656960087386413,0.9988686955656408,0.904440572721281,6.18651822204174
0,125139.5,1536.7219947576523,0,399,2037,1,1.1411483253588517,1.5933098661893328,18.871055815085867,0.6659071298127043,2,557,140,5.036896078826199,0.9986324403555633,0.88986210407955,6.217367059224745
0,100350.5,1538.520982503891,0,357,1951,1,1.1650943396226414,2.0872442090472894,23.587792921856273,0.5327488949894615,2,567,126,4.730279895947386,0.9984987846041096,0.9072363784998613,6.137065817810148
0,120627.5,1707.3981801271439,0,391,2209,1,1.339366515837104,2.169190275849205,24.167031112320846,0.519979907997577,2,545,141,6.2511713195853025,0.9984539549067897,0.9001900890160792,6.673374117569669
0,161746.0,1969.4297063350677,0,453,2189,1,1.4435483870967742,2.195640077652616,23.979902861245602,0.5240375946087727,2,537,149,5.952924654160508,0.9986290985898993,0.8909479404196082,6.706628456131928
0,127406.5,1871.883462190628,0,402,2271,1,1.0089605734767024,2.4657611660315606,27.502110928585058,0.45692385748098985,2,564,143,6.7325838062489805,0.9982788703929533,0.8954570776487458,6.063938105160242
0,75245.5,1221.8447959423065,0,309,1930,1,1.6167883211678833,1.6131463011077074,19.84045165985071,0.6333711968759549,2,567,97,3.759498755087648,0.9977729443089849,0.9062809535481549,5.882764053743146
0,98311.0,1459.2489043474197,0,353,1988,1,1.6456456456456456,1.8561910671237196,21.659909520187416,0.5801672718275713,2,574,122,4.851284574607035,0.9982912603953216,0.8951900203593092,6.089299237548307
0,171668.5,1926.3687428236008,0,467,2288,1,1.1961538461538461,1.8840963834366817,21.616642152333014,0.5813285211368003,2,527,154,7.364882740228143,0.9984176534803959,0.8942002192202632,6.523524225166316
0,115057.0,1631.0722796916962,0,382,2046,1,1.264367816091954,2.0794041214354624,23.122424377297047,0.5434711520431037,2,546,134,4.999535086055644,0.9985429694940948,0.8961075705845927,6.536260948061396
0,121504.5,1621.4570583105087,0,393,2116,1,1.3710843373493975,1.943425963647437,21.638070951651738,0.5807528149083881,2,560,136,4.697573427552639,0.9986174473946781,0.8895245569549602,6.446139133059191
0,175557.5,1907.3393050432205,0,472,2379,1,1.1363636363636365,1.8045369750651497,20.722231887346055,0.6064197468050135,2,538,163,7.8667848618748994,0.998513390691443,0.8865224907001465,6.534296297866951
0,215645.5,2117.9078475236893,0,523,2312,1,1.4166666666666667,1.7491484867525637,20.800497346814222,0.604137987896901,2,533,173,8.682662035060147,0.9984369965131992,0.8460356141468638,6.823089001251709
0,104455.0,1671.9250911474228,0,364,2032,1,1.2255965292841648,2.4935618208798047,26.76112690065883,0.46957553996165247,2,569,127,5.640669419746464,0.9981812774131216,0.8962801378513983,6.484180438526942
0,55416.5,1096.2712017297745,0,265,1836,1,1.1764705882352942,1.9878556025732408,21.68687210022365,0.5794459688001562,2,563,95,3.068702161247228,0.9982332422699269,0.9107119695438464,6.095022856558554
0,55416.5,1096.2712017297745,0,265,1836,1,1.1764705882352942,1.9878556025732408,21.68687210022365,0.5794459688001562,2,563,95,3.068702161247228,0.9982332422699269,0.9107119695438464,6.095022856558554
0,175557.5,1907.3393050432205,0,472,2379,1,1.1363636363636365,1.8045369750651497,20.722231887346055,0.6064197468050135,2,538,163,7.8667848618748994,0.998513390691443,0.8865224907001465,6.534296297866951
0,144789.5,1717.0306513309479,0,429,2191,1,1.1935483870967742,1.7824151613203996,20.361934101643968,0.6171501465248627,2,551,143,6.438725831063858,0.9982436606680958,0.8625773572670944,6.652267386690932
0,178458.5,1903.8245873451233,0,476,2263,1,1.0486486486486486,1.8100006444075234,20.310313374705206,0.6187186963845439,2,537,163,8.331682355358884,0.9984225534801837,0.8695842437671608,6.850260790217671
0,134750.5,1709.8245857954025,0,414,2161,1,0.9588014981273408,2.028994326551664,21.69565318266292,0.5792114442722106,2,520,138,6.011890010665911,0.9984108785724815,0.8891425480332193,6.670416067152244
0,87934.0,1397.248904466629,0,334,1951,1,1.3994252873563218,1.9273091182022881,22.201929868232938,0.5660035271230832,2,577,113,3.132743093014906,0.9985634596763079,0.9135022179584587,6.144780017953546
0,77841.5,1293.9524405002594,0,314,1883,1,1.3829787234042554,1.9230744525734986,21.5092581499146,0.5842307775923489,2,574,116,3.9847275462910106,0.99848432562446,0.9048288785291234,6.3315069469814675
0,125402.5,1927.2804324626923,0,399,2125,1,1.228846153846154,2.6497079404318096,29.619902835697708,0.42425428213134675,2,568,136,6.759706194141755,0.9981664454537288,0.8891456107083056,6.549746561230698
0,82389.5,1313.6092977523804,0,323,1954,1,0.9110576923076923,1.913641908252872,20.94404489821521,0.5999973107119362,2,568,117,4.720109960527252,0.9981683850764091,0.8992447975595497,6.239868944768512
0,129186.0,1829.8906021118164,0,405,2166,1,1.1221804511278195,2.4585016952301335,25.91998835552727,0.48481389891054777,2,556,138,6.37107519307709,0.9983116924926895,0.8941430101548294,6.422350392795776
0,88617.0,1414.7047469615936,0,335,2065,1,1.16,2.094406265163569,22.584713103305987,0.5564104603356546,2,560,122,4.4818597209154944,0.9984892137629083,0.904181490713482,6.347272569277742
0,75736.5,1234.898617863655,0,310,1924,1,0.7595238095238095,1.7690281436295578,20.135266303586324,0.6240975622021426,2,567,114,4.063493764431861,0.998400580889031,0.9059651984352082,6.161347344117708
0,45663.0,930.891478896141,0,241,1629,1,1.0,1.7169261765543218,18.977267053882674,0.6621802063847829,2,557,88,2.9227399601872968,0.9980640406122462,0.9158396294190105,6.093858084715841
0,90402.5,1429.6092958450317,0,339,1991,1,1.0831295843520783,2.004225546859877,22.607590926871797,0.5558473990000657,2,567,117,3.117792309391443,0.9986993332310701,0.9138972422418956,6.120174669276559
0,97795.0,1514.5281229019165,0,352,2044,1,1.1298405466970387,2.2265350989314383,23.45514019183806,0.5357619059864767,2,547,128,5.490258269562127,0.9983309974874635,0.9018609610960183,6.665701297159076
0,99542.0,1475.6164376735687,0,356,2003,1,1.254364089775561,2.026310502099616,21.87462449149538,0.5744725181108752,2,573,118,4.808551517729668,0.99806395375678,0.8821196676746246,6.4034336944787125
0,127673.5,1585.9524394273758,0,403,2038,1,1.0374449339207048,1.6748503017462513,19.700604590033514,0.6378672571661312,2,563,143,6.567243313974832,0.9983761199526073,0.9009455708918515,6.318067881866597
0,195671.5,2071.5647010803223,0,499,2333,1,1.3918918918918919,1.9086990185080608,21.931555238049512,0.5729812809881132,2,524,165,6.503141129743712,0.9987691825983459,0.878681349088801,6.696722373215115
0,137960.5,1635.1483972072601,0,419,2076,1,1.4055415617128464,1.605720477962895,19.380259428528248,0.6484108564543335,2,539,146,5.674390913957886,0.9986575029160563,0.8942649947481855,6.608783113422024
0,369636.5,2887.6033679246902,0,686,2740,1,1.2242744063324538,1.9030155301221605,22.557981180024196,0.5570698243815847,2,482,215,12.272697793522138,0.998572796467935,0.7914098089034036,7.676592892424528
0,288142.5,2501.6967334747314,0,605,2585,1,1.233433734939759,1.8873161716858846,21.720109134466945,0.5785592759484804,2,504,192,8.105223434094894,0.9988053764965712,0.8527663035831077,7.4652681605196385
0,133680.5,1739.4915446043015,0,412,2133,1,1.011881188118812,1.930386256783899,22.634795903290748,0.5551793207259368,2,543,143,6.529835583142875,0.9983852869542453,0.88667332890988,6.773937686577648
0,150725.5,1853.4570529460907,0,438,2259,1,0.916083916083916,1.9885686230929736,22.79178405190633,0.551355285998689,2,541,152,6.748813535544785,0.9985144223951276,0.9008213707058026,6.611508555223085
0,194753.5,2055.138296484947,0,497,2281,1,1.4171656686626746,1.8264626823137966,21.686867849250724,0.579446082380833,2,529,166,6.213036178097318,0.9987646392144776,0.8917600188754036,6.443109281615861
0,90885.5,1434.8052558898926,0,340,2017,1,1.0303030303030303,2.086339405075617,22.65120533340588,0.5547771268412968,2,559,120,4.728821609875257,0.9983098689803622,0.9140053282461796,5.967849403437564
0,159738.0,1857.1555404663086,0,450,2259,1,1.3520518358531317,1.8144586760820844,21.591773413243605,0.5819980774090293,2,542,140,3.733789033041364,0.9988316241450323,0.8863210041368019,6.508126313491946
0,133822.5,1599.266148686409,0,412,2014,1,1.2463768115942029,1.5963234882026565,19.112273454271584,0.6575026589288672,2,549,143,5.372923231377451,0.9986642554011859,0.8952077284525175,6.565541605433497
0,179087.5,1922.5941416025162,0,477,2254,1,1.0498220640569396,1.85149717316954,20.640012470576202,0.6088354177243557,2,523,156,5.991603359052085,0.9987562540584005,0.8919426857745776,6.974381514112566
0,265458.5,2361.6723453998566,0,581,2518,1,1.18622848200313,1.8246241879615834,21.01080307101283,0.5980909236018748,2,508,187,8.107810232003587,0.9987571057694745,0.8658257738266311,7.418343802676936
0,296598.0,2590.6500490903854,0,614,2565,1,1.1796322489391797,1.9880039649626768,22.62816228313076,0.5553420758223646,2,508,196,9.42325034096007,0.9986785124603873,0.8440202438554276,7.346799210129981
0,163194.5,1812.3443558216095,0,455,2148,1,1.110236220472441,1.7556474023327993,20.1268551579768,0.6243583766924855,2,531,153,4.701111817283239,0.9989107498624381,0.9021592094869694,6.638738411864846
0,146478.5,1717.9423394203186,0,431,2140,1,1.4272076372315037,1.7105718586686784,20.148526108425177,0.6236868417439477,2,539,147,5.869156051558139,0.9985487600565666,0.8953443931346816,6.673791508268066
0,94744.5,1354.780867934227,0,347,1978,1,0.9878048780487805,1.7526083308265916,19.37243006317641,0.648672911626386,2,551,121,4.6679597499359105,0.9983386815542902,0.8963445597911206,6.570670850207143
0,89173.0,1385.08238363266,0,336,1851,1,1.2534435261707988,1.8521861998587017,21.513835011152825,0.5841064881200742,2,549,115,3.406539327264653,0.9985622196361226,0.9092393315458969,6.379442456972274
0,273053.0,2548.72320830822,0,589,2603,1,1.4218009478672986,2.086408133219558,23.79021652415079,0.5282158992375013,2,512,202,9.868390150674571,0.9987100023428939,0.8505521009598955,7.515509293976571
0,131401.0,1815.179924607277,0,409,2224,1,1.0789473684210527,2.3239396960449312,25.074985416376432,0.5011516619328559,2,545,132,4.486181524926872,0.9986238097341575,0.8979447626822892,6.753027634849133
0,112371.0,1511.5920464992523,0,378,1987,1,1.417789757412399,1.7366224381735502,20.333631586795505,0.6180091618518194,2,555,134,5.75660642506433,0.9982918966969508,0.889467578569275,6.468520041633733
0,112371.0,1511.5920464992523,0,378,1987,1,1.417789757412399,1.7366224381735502,20.333631586795505,0.6180091618518194,2,555,134,5.75660642506433,0.9982918966969508,0.889467578569275,6.468520041633733
0,147949.5,1757.2316609621048,0,434,2179,1,1.4734299516908214,1.7069337848387456,20.87106147900221,0.6020954241834726,2,527,148,6.0000868209129665,0.9985474164113778,0.8877748699938274,6.748646843196605
0,154283.0,1869.6408245563507,0,443,2183,1,1.1113207547169812,2.0233596702164203,22.656785341533098,0.5546404940034998,2,531,148,4.555991926754454,0.9988485727299182,0.9006646659990789,6.739678786324871
0,156980.5,1857.966722369194,0,447,2241,1,1.5112107623318385,1.9149129987482523,21.990249371299782,0.5714519377283628,2,529,149,5.391136782154533,0.9987618377932429,0.894552434059942,6.808693576405435
0,108759.5,1589.7169402837753,0,372,2060,1,1.0712742980561556,2.1115212923928484,23.23659036888923,0.5408009701450823,2,540,125,4.863361864695186,0.9984497988646628,0.8957851613250483,6.781581265650912
0,4.5,8.242640614509583,0,2,685,1,1.3333333333333333,2.6666666666666665,15.09802762221398,0.8323186927986581,2,545,119,5.225114336074005,0.9980683763411144,0.9102302375983089,6.380298075665843
0,121895.0,1571.876319885254,0,393,2030,1,1.0413943355119826,1.7999261659625088,20.269864760785996,0.6199533525586232,2,547,136,5.683371681947106,0.9984592164376134,0.8947654138100395,6.579731907735082
0,12.0,13.656854152679443,0,3,673,1,1.0,2.0833333333333335,15.54247211229648,0.8085181381420814,2,523,166,7.573625837916092,0.9985089709410765,0.8652249468454554,6.8736709667130285
0,19.0,16.485281229019165,0,4,506,1,1.0,1.894736842105263,14.303394589465876,0.8785586201763613,2,526,170,7.217551696039861,0.9986089245173355,0.873318140563738,6.607445049969666
0,83.0,34.97056233882904,0,10,528,1,1.0909090909090908,1.5903614457831325,14.73421964209552,0.8528697765884511,2,564,124,3.606905548731625,0.9983473694786269,0.8756787734149919,6.470670937478905
0,11.0,12.828427076339722,0,3,483,1,1.25,1.8181818181818181,14.960776477542373,0.8399544390775809,2,556,90,5.147201843817962,0.996772377430163,0.9215615423582255,6.023275355388883
0,9.0,11.656854152679443,0,3,485,1,1.25,2.2222222222222223,15.098027637426664,0.8323186919600186,2,558,144,9.748793894066413,0.9976304463511977,0.8982029077519916,6.308949407832185
0,113115.5,2180.9271837472916,0,379,2170,1,1.2297297297297298,3.810052556899806,42.049439562287155,0.2988475172361052,2,562,134,11.104969135747806,0.9969116954695796,0.9020045520578233,6.200002333476524
0,106253.0,1826.0916105508804,0,367,2097,1,1.1029962546816479,2.9601611248623567,31.383683944211537,0.4004109471882741,2,557,131,7.441623788164118,0.9977914816744917,0.9108277497657781,6.166036594015408
0,76144.5,1675.9078476428986,0,311,1972,1,0.988527724665392,3.5510246964652734,36.88601427274528,0.34068117312540175,2,571,111,7.789900665515459,0.9966239233578796,0.9051214969611219,6.102229492589611
0,117345.0,1936.8855491876602,0,386,2059,1,1.1329787234042554,3.0712514380672378,31.97005096639809,0.3930669559321933,2,557,134,8.36179318713986,0.9975993964693853,0.8922628768892071,6.643875511112839
0,133565.0,2138.7434175014496,0,412,2254,1,1.0201863354037266,3.1678059371841427,34.24717108453397,0.36693163891817476,2,547,142,8.941002177000533,0.9977565340097959,0.8992367628150713,6.324334730874476
0,152903.0,2392.282519221306,0,441,2359,1,1.153731343283582,3.387180107649948,37.42906059247914,0.3357383384846216,2,537,150,11.322214616975831,0.9974846777231363,0.8875165409507553,6.519652540781044
0,115517.0,2194.459141612053,0,383,2238,1,0.930780559646539,3.714847165352286,41.68781152734842,0.3014399210214061,2,549,135,10.176418125035747,0.9971763999396744,0.8963384257570373,6.8285110209686035
0,74534.0,1477.4499146938324,0,308,1944,1,0.8118609406952966,2.6046233933506855,29.286744981200695,0.42908048068932164,2,565,113,7.096665154308124,0.9971569338009959,0.9077357642083768,6.557054715870864
0,54155.0,1511.1555390357971,0,262,1911,1,1.1173814898419865,4.049210599205983,42.1676865138689,0.2980094867245351,2,563,100,6.780645473782997,0.9964391320191555,0.912003547927939,6.508022272092196
0,115517.0,2194.459141612053,0,383,2238,1,0.930780559646539,3.714847165352286,41.68781152734842,0.3014399210214061,2,549,135,10.176418125035747,0.9971763999396744,0.8963384257570373,6.8285110209686035
0,130099.0,2311.1109474897385,0,406,2269,1,1.3233333333333333,3.6618267626961005,41.055148860536335,0.3060851309307616,2,538,141,10.840667471601826,0.9972571247188302,0.8928368197544005,6.931904886063746
0,83238.0,1634.3271114826202,0,325,2010,1,1.4306569343065694,2.903337418006199,32.08901111664294,0.39160978095213517,2,562,118,6.879395873581787,0.997521848482949,0.9040856778241785,6.668174498053864
0,4417.0,785.1126978397369,0,74,2437,1,16.434782608695652,1.9683042789223455,139.5521730380779,0.09004783186665492,2,551,139,12.113041425184408,0.9968533844839156,0.8913078754847557,6.988085660339008
0,9315.0,1108.0832602977753,0,108,2520,1,15.17142857142857,1.9951690821256038,131.81411827720314,0.09533402626820506,2,557,129,12.315612931089266,0.9963457882162199,0.8950303065759614,6.906382913694872
0,1512.0,452.97056245803833,0,43,2352,1,16.846153846153847,1.882936507936508,135.7025995063172,0.09260228367087533,2,556,119,9.604188943498574,0.9965405960992647,0.8949576988552888,6.79224165195224
0,64645.0,1433.7829591035843,0,286,1947,1,0.9440860215053763,3.157784824812437,31.800349196625113,0.39516454793184497,2,571,109,6.253566652079384,0.9973104266425703,0.9116780430014907,6.445838280356226
0,64496.0,1431.200131893158,0,286,1881,1,0.6365422396856582,2.5569957826841976,31.759083005628142,0.39567800531684877,2,567,106,6.754472964174999,0.9969682362371419,0.9192154122141556,6.211327183337893
0,86875.5,1857.1139088869095,0,332,2077,1,1.1928429423459244,3.4739368406512767,39.699018372052144,0.3165410916861817,2,562,111,7.372873024946627,0.9967967460452194,0.9072332026750703,6.394590961183072
0,49477.0,1421.8174489736557,0,250,1907,1,1.0045871559633028,3.859732805141783,40.858678945893125,0.30755694845151793,2,556,85,4.628044642895357,0.996531766744754,0.9089738534150914,6.269333064804147
0,70286.0,1541.380938410759,0,299,1984,1,0.8757281553398059,3.3045699001223574,33.8026804384377,0.3717566314672994,2,569,96,4.876612747672912,0.9970534980229465,0.9098938324572987,5.8410407770891215
0,60253.5,1482.1433463096619,0,276,1853,1,1.0154185022026432,3.4735575526732885,36.45844472121955,0.34467654093443245,2,567,104,6.581348487328507,0.9968099720031005,0.9079602233238411,6.553669664124337
0,71809.0,1683.581944346428,0,302,2074,1,0.9003690036900369,3.683326602515005,39.4720461687156,0.3183612666200951,2,570,110,7.07995290350928,0.9968495857658286,0.9021762501907389,6.470077922890075
0,64659.0,1596.8123896121979,0,286,1978,1,1.1072961373390557,3.7188326451074096,39.434723822190534,0.3186625744108263,2,572,108,7.572351809978005,0.9967161972988832,0.915223353837417,6.174118230911793
0,60829.0,1535.7829554080963,0,278,1971,1,1.2004608294930876,3.7172072531194003,38.774750302027435,0.3240864355405561,2,571,106,8.607971141329884,0.9961582515964958,0.9157612539471355,6.255202091421051
0,72606.5,1644.7951486110687,0,304,2033,1,1.184549356223176,3.5428233009441303,37.260453002066036,0.3372575908742276,2,570,110,7.000225150753048,0.9969174244007423,0.8968872541384191,6.564997211456591
0,67141.5,1572.520982503891,0,292,1957,1,1.5449591280653951,3.099260516967896,36.83001184684588,0.3411992009835684,2,568,108,6.781927081295112,0.9969803352557146,0.9051186032907523,6.470208995970497
0,58245.5,1379.550418496132,0,272,1866,1,1.3925501432664757,2.9120532916706012,32.674787874992106,0.38458920261199125,2,571,100,5.662252589134799,0.9970292918529845,0.9134512383806564,6.009468808424047
0,59666.5,1488.4864919185638,0,275,1889,1,1.060674157303371,3.5202332967410523,37.132931152724446,0.3384158003222209,2,566,106,7.823310289122556,0.996487725890128,0.9145553813985627,6.424603369249253
0,92188.0,1926.9545265436172,0,342,2143,1,1.4189473684210527,3.472794723825227,40.278059480267885,0.31199046767671124,2,561,123,8.890026455637447,0.9969113735182954,0.9081431158579215,6.175416292725642
0,77844.5,1752.1332432031631,0,314,2121,1,1.1776447105788423,3.7971854145122648,39.4372229500817,0.3186423808356197,2,566,114,7.052825981746846,0.9971005678668933,0.8999892370433643,6.445035866856768
0,97459.0,1917.8317244052887,0,352,2164,1,1.2476190476190476,3.5284068172257053,37.73975233826905,0.33297437942157776,2,564,127,8.046734316229223,0.997356490434555,0.8773451981143863,6.831002922662421
0,89680.0,1898.5525074005127,0,337,2184,1,1.3170731707317074,3.555040142729706,40.19292621941095,0.3126512995286796,2,559,121,9.116545625807385,0.9967387367860272,0.8970228788529103,6.650968287788287
0,98096.0,1946.6012787818909,0,353,2231,1,1.0338409475465313,3.6810981079758602,38.628043330566925,0.3253172962145671,2,560,126,8.160394321734877,0.9973020460138273,0.8971801667617126,6.642917230911614
0,101959.5,1863.8245879411697,0,360,2100,1,1.0661764705882353,3.094562056502827,34.07080355056735,0.3688310607558276,2,557,126,8.792536124099371,0.9971382888964553,0.9059686396090185,6.589238088144381
0,32277.5,1085.7270461320877,0,202,1724,1,0.8125,3.4089381147858417,36.52089593998013,0.3440871394560319,2,539,72,5.541816310267926,0.9947752407795708,0.9131525187197175,6.002524493086852
0,100291.5,1943.3048129081726,0,357,2080,1,1.1446654611211573,3.490315729648076,37.654572878779035,0.33372761005187745,2,556,126,9.080939745055819,0.9970243590032111,0.9066437081539409,6.6130943597235365
0,33151.0,2612.485281229019,0,205,2891,1,44.13793103448276,1.119724895176616,205.87853593068888,0.06103778889602056,2,555,128,15.312558051451024,0.9952878052752199,0.8941891798829735,6.791848925635547
0,4344.0,907.4558436870575,0,74,1629,1,23.263157894736842,1.9332412523020257,189.5663232600804,0.06629010046852266,2,562,122,12.605927256930137,0.9956518003356053,0.9045917804200906,6.549472140792818
0,7524.5,1552.8700572252274,0,97,2113,1,38.2,2.0306997142667287,320.47384073714943,0.039211845139853485,2,559,123,12.512930898722278,0.9957569861293366,0.9033082207835829,6.701081595846414
0,7525.5,1413.698484301567,0,97,2007,1,31.5,2.025911899541559,265.5695175757821,0.047318573039066024,2,564,112,13.657134807451474,0.9946324847393183,0.9094741300254396,6.487492819419863
0,5957.5,1105.698484301567,0,87,1776,1,24.5,1.990432228283676,205.21513020340458,0.061235107771555004,2,568,117,13.200675131505033,0.9949762310010315,0.9112682734836168,6.404105787016338
0,23804.5,2599.899494767189,0,174,2888,1,58.18181818181818,1.18296960658699,283.9579652120685,0.04425433392922865,2,555,134,19.287504410037222,0.9944768849026682,0.895179154985523,6.860949321915235
0,7122.5,1307.698484301567,0,95,1928,1,29.09090909090909,1.9768339768339769,240.0948158433999,0.052339200120653566,2,565,111,12.171127461453107,0.9949783243724177,0.9084041818059024,6.507793089499735
0,495.5,329.0710676908493,0,25,1203,1,27.0,1.9616548940464178,218.5424169348043,0.05750083114578155,2,568,113,10.447034492976357,0.9958626374467706,0.9049247220612453,6.455914345801075
0,49148.5,1403.8103051185608,0,250,1893,1,1.6539682539682539,3.3391659969276786,40.096511038120525,0.31340309391039234,2,567,94,7.092423015786953,0.9960088419595449,0.9143781383828191,6.2860703085865755
0,110115.0,2059.949478626251,0,374,2206,1,1.207142857142857,3.437860418653226,38.53600194789597,0.3260943008916701,2,553,128,10.039342953421528,0.9968256030167165,0.9010175392169784,6.581295301984971
0,120875.5,2048.192115545273,0,392,2109,1,1.1882770870337478,3.115991247192359,34.705882847904,0.3620818599956202,2,542,131,10.522348744475316,0.9968465930187861,0.9033505313496968,6.6198999720124805
0,119168.5,2071.0693140029907,0,389,2157,1,1.253968253968254,3.3829157873095657,35.99380795600196,0.349125900480439,2,552,130,8.67743564135441,0.9972235991063418,0.9022199587546738,6.566480203672317
0,87967.5,1697.7169432640076,0,334,2017,1,1.3150684931506849,2.8679682837411544,32.76485997039458,0.3835319493418802,2,567,118,8.37469595817382,0.9968944986547676,0.9120278093510455,6.418264239942096
0,110671.0,2094.31700527668,0,375,2222,1,1.25177304964539,3.59790731085831,39.63245763200008,0.3170727066951513,2,560,130,10.146806050552618,0.9968268117657653,0.906525500690114,6.44775660908379
0,101050.5,1956.0255959033966,0,358,2121,1,1.1433823529411764,3.3485039658388627,37.86261455241921,0.33189389488572046,2,560,112,8.141493075000021,0.9963950417420415,0.9041996210089024,6.631347630027703
0,63024.5,1393.4326702356339,0,283,1790,1,1.0141176470588236,2.906409412212711,30.80793352553386,0.40789397977453,2,539,101,6.848521059709403,0.9966424432077868,0.9245563505132157,6.239408030691135
0,44314.0,1096.6072090864182,0,237,1764,1,0.4847775175644028,1.994606670578147,27.13696283387424,0.4630721091113762,2,559,89,5.2655891741069265,0.9967197725913428,0.9150759353014845,6.398744500469593
0,32095.5,1193.3351290225983,0,202,1747,1,1.429078014184397,3.5408702154507643,44.36910875852943,0.2832234175076469,2,533,62,5.303708586860178,0.9925136170492783,0.9282935117461167,5.779541353827566
0,98099.0,1983.179925084114,0,353,2099,1,1.217877094972067,3.5800364937461135,40.092178465189576,0.3134369619069227,2,560,120,9.46718498603726,0.9966011897865586,0.909077674520225,6.3240187799171235
0,64437.0,1586.989016532898,0,286,1921,1,1.1531531531531531,3.5279109828204294,39.085217167094285,0.3215121093132561,2,573,101,8.023769581881693,0.9958880689733661,0.9197148774962031,6.0437180112519995
0,75565.0,1745.5575615167618,0,310,2019,1,1.4916467780429594,3.4655594521273074,40.322519692560626,0.3116464623285342,2,559,112,8.735178724602852,0.9965534508117613,0.9176724780662395,6.103290283740605
0,76988.0,1561.616434931755,0,313,1966,1,1.1793103448275861,2.898568608094768,31.6756623090477,0.3967200588184629,2,569,111,7.585515312487936,0.9968445863315677,0.9215699280652029,5.930631731684947
0,93027.5,1707.9179530143738,0,344,2043,1,1.4166666666666667,2.686302437451291,31.35614451886602,0.4007626194858993,2,568,119,8.216637771886104,0.9969342683753136,0.9059403824885449,6.2670163400683485
0,130303.5,2222.167730331421,0,407,2302,1,1.528375733855186,3.062780355094069,37.89636826122321,0.33159828212925324,2,554,137,10.307820490455626,0.9971479078332911,0.9088643951640702,6.27401401065458
0,123810.0,2106.2581338882446,0,397,2237,1,1.072697899838449,3.3197318471852033,35.8317044388207,0.35070535468986913,2,556,137,10.40438225562458,0.9971172048008905,0.9101953601918683,6.320679877626366
0,106757.0,1782.4347598552704,0,368,2063,1,0.8803418803418803,2.822063190235769,29.759862801880114,0.42225902377363367,2,561,127,8.37498572949422,0.9973334928761444,0.9207131973990219,6.1667910913849555
0,79876.0,1625.949477672577,0,318,1841,1,1.0278330019880715,3.2556838099053533,33.09769773077928,0.3796750673287178,2,572,113,7.250889043337764,0.997129902684089,0.9179202234942642,5.751947693579451
0,97375.5,1787.7413254976273,0,352,2127,1,1.156312625250501,2.95683205734502,32.82159318198123,0.3828690016564461,2,524,115,7.317925911306418,0.9972025336374615,0.9279974187371582,5.126027072365267
0,126743.0,2206.258129477501,0,401,2370,1,1.2554991539763114,3.459930725957252,38.40507904882764,0.32720595623257226,2,522,115,6.914758612210106,0.9970427617942061,0.8970678924469209,6.039715427042423
0,1614.5,340.04163002967834,0,45,2325,1,11.642857142857142,1.413440693713224,71.61864983167584,0.1754622663774549,2,527,117,7.6335183401943985,0.9972687554627779,0.9252690858172239,5.375335315474065
0,138552.5,2191.7556087970734,0,420,2384,1,1.221297836938436,3.1838761480305298,34.67128091296389,0.3624432176562735,2,549,144,11.289411250320331,0.9973147284057351,0.9056090669557915,5.982544649611759
0,143971.0,2112.49363219738,0,428,2267,1,1.5241935483870968,2.60452452229963,30.996723965760324,0.4054096371035941,2,562,147,11.05158579456139,0.9973118258514879,0.9071705997078829,5.772589024779041
0,125611.5,2054.642905473709,0,399,2094,1,0.8567208271787297,3.1259876683265464,33.60804917554081,0.3739095521052943,2,551,137,10.038431400077458,0.9973586363133181,0.9092600243350563,5.8836581164716755
0,110798.5,2007.231659770012,0,375,2210,1,1.8620689655172413,2.7702180083665393,36.36311805649965,0.34558011760251184,2,533,127,8.814498348569101,0.9973205633652749,0.9202136264742535,5.737065611996505
0,101898.0,1793.6753087043762,0,360,2035,1,1.41324200913242,2.660719543072484,31.573447104513725,0.3980043918791082,2,527,121,8.134872435852484,0.9972901880623334,0.9247479831785587,6.008624592509194
0,82605.0,1598.1605912446976,0,324,2133,1,1.64010989010989,2.630688214999092,30.919645002210533,0.40642027466553277,2,527,110,7.870500896090263,0.9968937878839355,0.9286636543598585,5.914595100557905
0,51943.5,1261.893564581871,0,257,1842,1,1.3203592814371257,2.8356579745300183,30.65591206470763,0.409916709959059,2,531,89,6.024734777966518,0.9963222608635249,0.9408962252939812,5.147216337068784
0,46713.5,1213.3250234127045,0,243,1822,1,1.2462006079027355,2.8876020850503603,31.51460739271174,0.3987474905768728,2,556,91,5.940031215568956,0.9964734060112646,0.9295731243627737,5.871384516658324
0,44757.5,1149.0996288061142,0,238,1765,1,1.4964028776978417,2.5838797966821203,29.50187023230407,0.4259516605357175,2,558,81,5.412559237015114,0.995600557962728,0.9206946306068788,6.205164056825944
0,110556.0,1780.7535182237625,0,375,2091,1,1.3098290598290598,2.5949202214262455,28.683048343521,0.43811140517070235,2,564,134,9.297627632873702,0.9974125113497233,0.9101553847883705,6.205549646569481
0,99558.5,1827.363688468933,0,356,2152,1,1.1766990291262136,3.13473987655499,33.540662524393035,0.3746607749688921,2,571,128,8.663674732965273,0.9973554991471849,0.9165055418994916,6.160445635053401
0,73581.0,1522.219463467598,0,306,1865,1,1.4690026954177897,2.7479240564819722,31.491174283572956,0.39904420524941453,2,579,112,8.714154692575585,0.9964773534146345,0.9251858956775219,5.827888381746707
0,63818.0,1375.3077788352966,0,285,1788,1,1.0145278450363195,2.7115704033344823,29.638526536790202,0.4239876971873274,2,575,105,7.24054372686451,0.9967053352818177,0.9276129173613648,5.799886857675076
0,71138.0,1493.1656450033188,0,300,1920,1,0.8694736842105263,2.757668194214063,31.341106629623788,0.4009549108416411,2,586,110,8.107755580769027,0.9965682251974279,0.9258687526962649,5.825555286277035
0,69920.5,1491.9524433612823,0,298,1894,1,1.268041237113402,2.7301864260124,31.835042559073525,0.39473390340348524,2,576,108,7.391539044960698,0.9968217532784301,0.9228403891174627,5.705995682868148
0,17030.0,530.9015847444534,0,147,1431,1,0.9691358024691358,1.4934820904286552,16.550586769475753,0.7592703986504774,2,514,52,1.9866986313448223,0.9963756912444987,0.946578224847151,4.976294854247353
0,19958.5,604.1980459690094,0,159,1468,1,1.4183006535947713,1.663501766164792,18.290717175778198,0.68703542313805,2,504,56,2.1510478700712796,0.9966683033785397,0.9364321404030383,4.859342737550836
0,23269.0,613.6711356639862,0,172,1507,1,0.8775510204081632,1.4487945334995058,16.184290805239872,0.7764548206394468,2,519,60,2.0394133947497135,0.9972540005309151,0.9460246509203298,5.1976857495423765
0,15150.0,492.9015837907791,0,138,1410,1,0.7441860465116279,1.4532013201320133,16.036433749403198,0.7836137891210904,2,503,48,2.285519814828902,0.9950466146406669,0.9452892749634241,4.862781238368992
0,17296.0,508.4163020849228,0,148,1430,1,0.8888888888888888,1.3487511563367252,14.944908431181052,0.8408462769929524,2,510,53,1.8273565967248393,0.9968064363631706,0.9487236038698256,4.920771190867895
0,20244.5,567.2863589525223,0,160,1447,1,1.0666666666666667,1.434463681493739,15.896357680041985,0.7905188639619225,2,513,58,2.0589332644279406,0.9970093649973356,0.9461042268559476,4.996190277878858
0,19949.5,584.6000689268112,0,159,1476,1,1.2138364779874213,1.5382340409534074,17.131118102670865,0.7335405978200561,2,512,56,2.080773998356311,0.9966622400686727,0.9449190582932943,4.985793367459818
0,30549.0,703.9554047584534,0,197,1573,1,1.2287234042553192,1.4215849945988412,16.22158538376503,0.7746696957829973,2,529,66,2.0239358378174996,0.9975898806557363,0.9435254081218027,4.951467548216566
0,17806.0,537.4457383155823,0,150,1424,1,1.0927152317880795,1.399247444681568,16.221943256968512,0.7746526057512251,2,508,52,1.8520337926676524,0.9967243794554044,0.9448176201209278,4.976697934601523
0,35417.0,766.2396768331528,0,212,1605,1,0.8688524590163934,1.4605415478442556,16.577441408176142,0.7580404179960682,2,526,72,2.580070810341372,0.9975171236611486,0.9432547627389742,4.871158052507631
0,12645.0,474.2741663455963,0,126,1389,1,1.2,1.6037959667852906,17.78853181991383,0.7064310164311272,2,509,43,1.6918330715410808,0.9956557905028154,0.9231528043365174,4.966758307430168
0,25535.5,625.9137777090073,0,180,1496,1,1.329192546583851,1.3492588748996495,15.342094618314132,0.8190778982263915,2,517,62,2.148071815264045,0.9972906630696712,0.9489658204495299,4.658225931904603
0,23401.0,616.8427083492279,0,172,1497,1,1.1085714285714285,1.4507927011666168,16.25977209707323,0.7728503535803634,2,515,61,2.1874429491340517,0.9971365168116555,0.9498638980841136,4.869138513893505
0,14936.5,499.9726504087448,0,137,1397,1,1.2262773722627738,1.5409232417232952,16.735691169734874,0.7508725207049962,2,504,48,1.6933265524014733,0.9965022806455167,0.9502340214369884,4.782302424907049
0,19985.5,569.9726511240005,0,159,1448,1,1.0118343195266273,1.445998348802882,16.25522619045416,0.7730664874868823,2,520,55,1.9089814720240503,0.9968618980746974,0.9473705896895324,4.821333809765624
0,16796.5,539.5706306695938,0,146,1433,1,0.8603351955307262,1.6411752448426755,17.33316259227715,0.7249900615343077,2,513,51,1.871406745764937,0.9964949506443133,0.9482098655760802,4.8519722328248225
0,34097.0,734.0386649370193,0,208,1590,1,0.7689243027888446,1.4207408276387952,15.802350987550863,0.7952215859690115,2,526,72,2.44991755908177,0.9976410810173448,0.9445127733340216,5.121853824272791
0,45016.0,856.6660810709,0,239,1604,1,1.184549356223176,1.4285587346721165,16.302576294148164,0.7708211504503059,2,528,76,3.512481369934753,0.9967605379561184,0.9336047537631611,5.041652984582048
0,29093.0,743.9797902107239,0,192,1503,1,1.3384615384615384,1.7493898876018286,19.025398832777395,0.6605049767844835,2,519,64,2.3137670023987114,0.9972455149347658,0.9482097345759666,4.755950269296502
0,38627.5,788.6833270788193,0,221,1529,1,1.2200956937799043,1.3797165232023818,16.10307139763422,0.7803710425208298,2,524,74,2.503048140829572,0.9976627647656107,0.945817193601257,4.888192869883044
0,41905.0,846.724956035614,0,230,1587,1,1.0,1.4795609115857296,17.10877344406425,0.7344986275868286,2,535,75,2.4632186372376528,0.9977204905862881,0.9424117795602375,4.909815165377957
0,36986.0,831.0681029558182,0,217,1544,1,1.154867256637168,1.5948196614935382,18.673935860882022,0.672936370135183,2,535,73,2.2647003937206502,0.9978241126947888,0.942882924169739,4.996412066736683
0,33203.0,745.8132703304291,0,205,1520,1,1.3736263736263736,1.3703581001716711,16.752625792879247,0.750113490847539,2,522,66,2.078045114658144,0.9974879445628076,0.9429288548899901,4.807832431019838
0,50298.5,932.7909708023071,0,253,1618,1,1.1737451737451738,1.5653747129636073,17.298706625651075,0.7264341136189545,2,545,84,2.5207265457292776,0.9981746457489196,0.9348891740897183,5.183666223512695
0,55651.5,1019.0163700580597,0,266,1660,1,1.2846441947565543,1.6456160211315058,18.658874647517216,0.6734795560691157,2,557,93,3.2507046434307307,0.9980516521406475,0.9389055751440517,4.9624686524868515
0,68545.0,1161.2001329660416,0,295,1693,1,1.5126353790613718,1.6932380188197536,19.671540576268914,0.6388096837478413,2,572,104,3.7274931024119455,0.9981543703600896,0.9314037740362286,5.373741883495879
0,55573.5,999.2762535810471,0,266,1628,1,1.0451388888888888,1.559880158708737,17.96815084475466,0.699369162855598,2,552,89,2.5140265183742545,0.9983620596701966,0.9417506865881162,5.071014875314584
0,75225.0,1197.0580013990402,0,309,1709,1,1.2420382165605095,1.6279162512462613,19.048824974589095,0.659692691340414,2,573,105,3.787029758766753,0.9982046845516285,0.9242018551354558,5.374158459298681
0,45728.0,872.6660833358765,0,241,1610,1,0.9429657794676806,1.4263470958712385,16.653824637088412,0.7545636445800928,2,539,82,2.666602200239632,0.99797715186107,0.944032628212023,5.126955740991013
0,72895.5,1117.418389081955,0,304,1774,1,1.0,1.4939193777393667,17.128956605805726,0.7336331630439124,2,572,106,4.098918160460423,0.9980982638378806,0.9291957337894918,5.08069178652495
0,72188.0,1150.430582523346,0,303,1727,1,1.1540880503144655,1.616695295617,18.333940893292585,0.685415682721904,2,574,106,3.3977205583588983,0.9983946124623848,0.9265287179845814,5.335860228070771
0,78665.0,1217.7442915439606,0,316,1754,1,1.0257879656160458,1.5882794126994215,18.850837851495616,0.6666213307522649,2,589,112,4.564612244515185,0.9980976121184424,0.9198508555221244,5.306036279530788
0,34884.5,773.369619846344,0,210,1644,1,1.299492385786802,1.4456850463672979,17.145166733112948,0.7329395397531704,2,525,69,2.27736379153194,0.9975854392743202,0.9449637477040274,4.850462686688853
0,46679.0,885.7787811756134,0,243,1656,1,1.0823529411764705,1.5077443818419418,16.808501664152086,0.7476199167210595,2,541,84,2.5384522525976583,0.9981376234592914,0.9447755515687892,4.941967542423602
0,37851.0,892.063051700592,0,219,1617,1,1.1862348178137652,1.911997041029299,21.023922438228137,0.5977177023593627,2,535,73,2.5752268479419618,0.9975945305152994,0.9390997576850323,4.97612286722334
0,50956.5,974.9331086874008,0,254,1690,1,0.8935483870967742,1.6851628349670797,18.653058322586507,0.6736895578749614,2,549,89,3.3298622249482808,0.9978411888680394,0.9419729073931122,4.92034720886189
0,41408.0,817.2102384567261,0,229,1591,1,1.1460176991150441,1.413591576506955,16.1281050482636,0.7791597696539126,2,534,77,2.435024318469229,0.9978590038092223,0.9463338646872927,4.929804440884202
0,50536.5,910.50670337677,0,253,1629,1,1.029739776951673,1.4744392666686454,16.404429608184845,0.7660352060085828,2,542,85,2.7075032844944613,0.9980728832988766,0.9428033802049606,4.8459266047631155
0,84083.5,1235.5016508102417,0,327,1852,1,1.0401146131805157,1.506680858908109,18.154148306800174,0.6922038093988726,2,587,114,4.091856433990032,0.9983100943905934,0.9216337488782215,5.383270882837809
0,80628.5,1175.3595130443573,0,320,1790,1,0.9460227272727273,1.4537787506898925,17.133767649204298,0.7334271639281138,2,582,111,4.1192077639356075,0.998264224186315,0.923306021827456,5.086753555365377
0,36530.5,765.4528793096542,0,215,1592,1,1.0353982300884956,1.4476670179712843,16.03914839499706,0.7834811615234436,2,520,71,2.240491025260786,0.9977116744148273,0.9467519520905722,4.4934383994191975
0,40258.0,846.8082183599472,0,226,1601,1,1.0408163265306123,1.5518654677331214,17.812215179143227,0.7054917363155064,2,529,75,2.530026429766928,0.9977127338568497,0.9434567260108474,4.817069204714824
0,104815.0,1363.9696877002716,0,365,1897,1,1.2991452991452992,1.5270333444640558,17.749494909747426,0.7079846879168457,2,570,127,4.782678022977792,0.9984299676425222,0.9251996245797094,5.1564175133187256
0,82871.5,1217.0163700580597,0,324,1842,1,0.9297297297297298,1.5358718015240462,17.872596067276397,0.7031082987080657,2,585,113,4.067215630395333,0.9983169418170633,0.9231958182353114,5.2567119783529614
0,98890.5,1361.7859216928482,0,354,1908,1,0.9204819277108434,1.6030862418533631,18.752669837050476,0.6701110147810122,2,581,126,5.655058068977594,0.9980971282793388,0.9230235070840997,5.37758044028602
0,90420.5,1254.9574946165085,0,339,1815,1,1.2409638554216869,1.5127542979744637,17.41771294445556,0.7214707610828622,2,582,120,4.670853271839668,0.9982828446870281,0.9269855984305351,5.098538096197289
0,87865.5,1258.8742340803146,0,334,1817,1,1.0558659217877095,1.5401266708776482,18.036252422524186,0.6967284732978083,2,588,118,4.463227379976582,0.9982730270975027,0.9225017271529545,5.243281666790711
0,68300.5,1123.4427748918533,0,294,1716,1,1.1009463722397477,1.6197978052869306,18.478981390424774,0.6800358931510515,2,567,103,3.686280750579005,0.998223435671518,0.9304262727411363,5.129007115251678
0,112461.5,1455.3250259160995,0,378,1933,1,1.2144702842377262,1.6173534943069405,18.832853296974484,0.6672579250844572,2,571,133,5.043231704090148,0.9984929853585539,0.9210894018840958,5.681857481300581
0,71517.5,1132.246814608574,0,301,1738,1,1.1479099678456592,1.55244520571888,17.92544271250061,0.7010354397325876,2,573,106,4.013181330291816,0.998166657362865,0.9259631070883233,5.327718307366888
0,83922.0,1261.057998418808,0,326,1821,1,1.0830945558739256,1.5719596768427826,18.949349102452874,0.6631557921286347,2,580,112,4.1365866592864435,0.9982297675596193,0.9166676050485635,5.331005579724122
0,51730.5,964.2224308252335,0,256,1706,1,1.264,1.5271454944375176,17.972470710828663,0.6992010623663312,2,548,88,3.337928271967482,0.9978085313167315,0.9357872009313535,5.147140215235212
0,69426.0,1141.8275538682938,0,297,1702,1,1.273927392739274,1.6846426410854722,18.779278120197784,0.6691615371968741,2,566,107,3.932903423837306,0.9982269362810121,0.9239901678753627,5.808771137142976
0,18677.0,537.1858543157578,0,154,1349,1,1.2465753424657535,1.422712427049312,15.450481451890052,0.8133319763198662,2,528,59,1.6981816901861007,0.9975975974761768,0.9344798419518839,5.668308868649107
0,50558.0,943.518895149231,0,253,1636,1,0.9929328621908127,1.5729063649669686,17.608052246996035,0.7136718154901556,2,563,90,3.074999714118545,0.998064485553741,0.9314853676566599,5.648840495858584
0,73162.0,1123.8031655550003,0,305,1670,1,1.124203821656051,1.5150214592274678,17.26215186724583,0.727972428408726,2,580,109,4.034742480704178,0.9982221179767355,0.927941808301814,5.910600507302136
0,66144.0,1103.460021018982,0,290,1781,1,0.7723577235772358,1.5899401306240928,18.40868435515258,0.682632738544504,2,557,102,3.3489232898191386,0.9983107960611588,0.9248625606295449,6.1812621479395
0,71440.0,1140.9158663749695,0,301,1799,1,0.9304347826086956,1.5501819708846585,18.220730881105084,0.6896743438206703,2,557,108,3.85988601049754,0.9982960542751762,0.9231882144242947,6.1941806168849975
0,54984.0,997.234625339508,0,264,1660,1,1.0771929824561404,1.591281099956351,18.086659718755072,0.6947866996871952,2,577,100,3.705744799169859,0.9981221016334582,0.9126395745544823,6.319260057193265
0,42406.5,862.64883852005,0,232,1601,1,1.1428571428571428,1.6176765354367844,17.548324398382118,0.7161008839976618,2,560,85,2.5520829568466725,0.9981787313668229,0.9306657768679799,5.970706959702401
0,23567.0,663.553385257721,0,173,1514,1,1.0248756218905473,1.756948275130479,18.683035392157738,0.6726086179569057,2,542,63,2.0186904122413525,0.9974022413622718,0.9314481248016987,5.849039335892119
0,18056.5,562.256922006607,0,151,1477,1,1.25,1.5994240301276548,17.507980303178567,0.717751013923505,2,513,52,1.6846414972473507,0.9969563428185454,0.919786695040397,5.64268885201904
0,93612.0,1317.2590081691742,0,345,1987,1,0.7060133630289532,1.5204567790454215,18.53577847501214,0.6779521362590595,2,559,120,5.004990133225723,0.9982123335473386,0.9116838315797189,6.202392242585034
0,78314.5,1274.496597290039,0,315,1814,1,1.197142857142857,1.8725778751061426,20.74126217372119,0.6058633514733998,2,534,109,4.205137290677449,0.9982143094429001,0.9166224378134208,6.406603255523689
0,80579.0,1231.6265398263931,0,320,1893,1,1.956175298804781,1.529443155164497,18.82505285005689,0.6675344135525866,2,586,115,5.093996347594257,0.9979440595969329,0.9123658704533635,5.493990816680915
0,28044.0,705.2346259355545,0,188,1531,1,1.4916201117318435,1.7042148053059478,17.734840879277616,0.7085696849438567,2,535,75,3.394552186968278,0.9970598101856434,0.9284896659228729,5.8600477209492645
0,32333.0,907.2590110301971,0,202,1586,1,1.5753424657534247,2.336776667800699,25.4575484209783,0.49362061132343177,2,544,78,3.8392191498730983,0.9969307023104026,0.9301244601679362,5.800042841491006
0,40771.0,1018.170695900917,0,227,1650,1,1.3507462686567164,2.3795344730323023,25.42668970570645,0.4942196864713747,2,563,93,4.23946538998315,0.9975734386038425,0.9236620699462682,6.393763572352295
0,41808.0,1040.3128327131271,0,230,1688,1,1.1045751633986929,2.4738805970149254,25.88621292354599,0.48544646725550394,2,520,89,4.747245783202908,0.9971092525657249,0.916975080946221,6.4802272805498635
0,40127.0,895.4945093393326,0,226,1632,1,1.7936507936507937,1.5967054601639794,19.984310221469137,0.6288118266328315,2,525,87,4.235894207643445,0.9972777909153375,0.9240384888775198,6.397559743005476
0,37677.5,804.8254619836807,0,219,1563,1,1.0476190476190477,1.483697166744078,17.191799462736252,0.7309514423779293,2,524,85,3.484489673547879,0.9976235654761909,0.9215990564348183,6.435063738919977
0,47982.5,1043.0996273756027,0,247,1756,1,1.7046413502109705,1.9954775178450477,22.676118014507814,0.554167631616638,2,520,93,4.628452653320014,0.9973940095499534,0.9238812697555558,6.330197236638815
0,27827.0,720.0975415706635,0,188,1500,1,1.349726775956284,1.6243576382649945,18.634436675750653,0.6743627850425996,2,522,75,2.8280269287547997,0.9975374620307069,0.9250400649055722,6.445595357258901
0,35868.0,822.773729801178,0,213,1518,1,1.5742574257425743,1.7908999665439946,18.87355331914079,0.6658190114955657,2,522,84,3.685400322697633,0.9974288661812011,0.9119585915585849,6.6732030751376215
0,58701.5,1101.0752444267273,0,273,1733,1,1.3897058823529411,1.7515054981559244,20.653078607691068,0.6084502389720988,2,532,102,4.051580888504439,0.9981126590523623,0.9180191066934005,6.594793407221893
0,46918.5,952.8153578042984,0,244,1629,1,1.0774647887323943,1.852233127657534,19.349661776649576,0.6494361896042949,2,521,90,4.039164245028884,0.9974686743284761,0.9122169699201528,6.694273594510492
0,35824.0,837.3767606019974,0,213,1529,1,1.6822916666666667,1.7311299687360429,19.57346581052632,0.6420105021769403,2,520,81,3.4407016666011874,0.9973682132380616,0.9217711669122658,6.450753674557545
0,26516.0,758.3473212718964,0,183,1538,1,1.4191919191919191,2.098280283602353,21.688439420736945,0.57940409499192,2,515,80,3.060625215594742,0.9976305407500199,0.9182779370960116,6.981260599421793
0,21457.5,740.0559107065201,0,165,1490,1,1.7358490566037736,2.045159035302342,25.524070882985292,0.4923341057925087,2,521,70,3.261299714986487,0.9967425302264042,0.9282118133161992,6.478780020213637
0,40289.0,952.7737282514572,0,226,1528,1,1.3877551020408163,2.0675618655216064,22.53165323652068,0.5577207532197785,2,519,85,3.353648227019911,0.9976416874021267,0.922234914829911,6.550909604291204
0,37499.5,938.7320965528488,0,218,1571,1,1.1541353383458646,2.1776823690982545,23.49945863540866,0.5347514940375834,2,520,86,3.2446567948456755,0.9978120648233428,0.9154917447073244,6.6666236526925875
0,44590.5,981.7859222888947,0,238,1667,1,1.1408450704225352,2.0635785649409626,21.61679275192374,0.5813244711448167,2,505,77,3.482389913071314,0.9970001170886542,0.9191635535285541,4.459523225123658
0,53680.0,1070.3960925340652,0,261,1753,1,0.7286821705426356,2.0330476900149033,21.344034927574423,0.5887532819825291,2,502,92,4.030881211385513,0.9976870530173302,0.8954293987951263,6.031349223406676
0,48847.0,1055.9453020095825,0,249,1694,1,1.0649350649350648,2.068172047413352,22.826795521446726,0.550509623768809,2,501,89,3.6178435073309108,0.9977386430332622,0.9089112956609497,6.295698361742618
0,44858.5,1057.2417635917664,0,238,1575,1,1.4111111111111112,2.2932108741932966,24.91746595812674,0.5043197665234773,2,544,87,3.859502671440632,0.9974437871631101,0.9163966581564762,6.107792760045289
0,39305.5,909.4772653579712,0,223,1499,1,0.8610169491525423,1.906348984238847,21.044100601773636,0.5971445799541586,2,522,79,3.4249106646465854,0.9973273273535523,0.9267017028082684,5.405344007347081
0,27840.0,843.8376550674438,0,188,1530,1,0.6655629139072847,2.180387931034483,25.57693922807911,0.4913164355711275,2,518,67,3.3352432933123914,0.9964239411457533,0.8921326329880312,5.226248786685539
0,37278.5,807.5361382961273,0,217,1540,1,0.8118081180811808,1.5993132770900116,17.493048664893223,0.7183636686256184,2,526,78,2.995288134046633,0.9975849763881544,0.9289409151348089,5.320624038850534
0,38653.5,995.6681740283966,0,221,1615,1,0.7375690607734806,2.500523885288525,25.647227619052387,0.4899699414303975,2,530,80,3.32405211428666,0.9974842680893673,0.9172233580142134,5.5235665083693215
0,35518.0,929.1168729066849,0,212,1597,1,0.7177177177177178,2.2407511684216455,24.304807802238212,0.5170322973383868,2,534,74,3.090042922961195,0.997083770497975,0.9075984167846771,5.495474744047364
0,37179.0,895.3422690629959,0,217,1547,1,0.8146964856230032,2.146776406035665,21.561574511710216,0.5828132174454284,2,512,76,3.406803898129606,0.9971134901161298,0.9317276943881507,4.816264409023996
0,55436.0,1215.3910405635834,0,265,1880,1,0.9588688946015425,2.617378598744498,26.646500134970598,0.471595539778494,2,546,97,4.293791256950664,0.9976773909231269,0.9189571998086384,5.3112320277669784
0,46449.0,980.7493418455124,0,243,1606,1,1.4351464435146444,1.764881913496523,20.7080727578722,0.6068343858595944,2,534,83,3.6851895482360484,0.9971610312389293,0.9285321698945178,4.98573673307134
0,55429.0,1139.165645122528,0,265,1857,1,1.2358490566037736,2.254668134009273,23.411902921348496,0.5367513549229841,2,545,95,3.968524311454357,0.9978096894966302,0.922968448947787,5.36708048761362
0,39059.0,1161.4011447429657,0,223,1795,1,2.18348623853211,2.6566988402160834,34.53372126808856,0.3638869531842584,2,494,78,3.8236336873949117,0.9969874245537985,0.8904837783956254,6.34856363297536
0,52239.0,1163.7585690021515,0,257,1856,1,1.037940379403794,2.7053925228277724,25.925726122742308,0.4847066020394247,2,543,93,4.18884471985044,0.9975753831513428,0.9188276917423093,4.6704820954358865
0,45892.0,1007.8519351482391,0,241,1829,1,0.8011204481792717,2.2248322147651005,22.133825572693507,0.5677450819826781,2,539,87,3.763781487713664,0.9974994026990184,0.9191538740068483,5.157107808153957
0,66081.5,1267.4427758455276,0,290,2024,1,1.4102564102564104,2.077434682929413,24.30954488083679,0.5169315458581555,2,550,101,3.501033248291188,0.998133145698113,0.9142881068183648,5.242975271380242
0,57866.5,1192.6042467355728,0,271,1882,1,0.7476851851851852,2.411343350643291,24.579072336010007,0.5112630144282779,2,552,102,3.937473981125291,0.998152547327167,0.9111389042556337,5.019209419034447
0,58572.5,1210.1778347492218,0,273,1593,1,1.5506756756756757,2.3195868368261556,25.0037200344584,0.5025800399716949,2,552,107,3.7674128934815827,0.9983708284464352,0.9126255660775959,6.224680634614187
0,43740.0,1021.7199074029922,0,235,1735,1,0.4744525547445255,1.8323045267489713,23.866291019286216,0.526532195731811,2,531,84,3.379512708650358,0.9975079903319829,0.9337224443495891,5.036130962109441
0,48822.5,970.9331058263779,0,249,1599,1,0.9531772575250836,1.74540427057197,19.3089476366359,0.6508055669754018,2,518,85,2.845201810480343,0.9979453705390459,0.9374453092150391,4.803079154183985
0,58356.0,1193.2245208024979,0,272,1894,1,1.284375,2.2537528274727534,24.398258226135287,0.515051955671907,2,525,94,3.907933328810183,0.9976529819415489,0.9329942981186315,4.665390297766249
0,58356.0,1193.2245208024979,0,272,1894,1,1.284375,2.2537528274727534,24.398258226135287,0.515051955671907,2,525,94,3.907933328810183,0.9976529819415489,0.9329942981186315,4.665390297766249
0,74567.5,1148.413335442543,0,308,1871,1,1.1682242990654206,1.6143091829550407,17.686702504740897,0.7104982181382185,2,522,103,3.6159078006112355,0.998271185605995,0.9387540184169714,4.5197720621047806
0,50090.5,1081.5504190921783,0,252,1677,1,0.8148148148148148,2.3242730657509907,23.352757689351606,0.5381107782439412,2,517,89,3.5406548121383667,0.9977448316305362,0.9289567831362039,4.8621922361937555
0,57563.5,1216.6875051259995,0,270,1816,1,1.050131926121372,2.6204452474224116,25.716443321370814,0.4886511893313139,2,525,95,3.776040298724439,0.9978983574515867,0.9301497177185625,5.156783795647262
0,49459.5,1097.1240191459656,0,250,1744,1,1.1207430340557276,2.3640756578614828,24.336702016538723,0.516354705983552,2,530,89,3.934202769375358,0.997422459549434,0.9389382048518035,4.658599125419293
0,60540.0,1185.5676653385162,0,277,1678,1,0.7082352941176471,2.1130657416584078,23.217223143313845,0.5412520927584774,2,537,98,3.584396571363957,0.9980355731858008,0.9043195641596551,4.622924150988574
0,33448.0,731.352373123169,0,206,1522,1,0.9181034482758621,1.4773977517340349,15.991278811076626,0.7858264972314076,2,487,72,2.4352106937502316,0.9976873023932652,0.9446405241607851,3.7331694376439364
0,65988.0,1159.3666552305222,0,289,1762,1,1.3322475570032573,1.9028156634539612,20.369325350979093,0.6169262063338364,2,550,103,4.252583634582107,0.9979721258814116,0.9305956369404365,3.8217037955667834
0,69103.0,1285.474296927452,0,296,1832,1,1.3527696793002915,2.303112744743354,23.912770329235013,0.5255087738201506,2,528,102,3.8138189908911624,0.9981489171231638,0.936248486871784,3.9839239175948373
0,86359.5,1353.550418972969,0,331,1871,1,1.0296296296296297,1.9556041894638112,21.214790922850412,0.5923400640646408,2,532,113,4.192047689903328,0.9983232320845062,0.9358796821783676,4.198726513395519
0,52605.0,1214.1118255853653,0,258,1862,1,0.9811320754716981,2.5671324018629407,28.021433799567124,0.4484556609145853,2,524,90,4.160804026482204,0.9973781154288123,0.9402645337278364,4.010779072533094
0,54713.0,1182.479351401329,0,263,1807,1,0.9041450777202072,2.4621936285709065,25.55621911594151,0.49171477820521964,2,523,91,4.098006970492597,0.9974570699003621,0.9391208681496211,4.2054393594578645
0,68607.0,1213.8174476623535,0,295,1752,1,1.376543209876543,2.106257378984652,21.475254656952647,0.5851558370364093,2,519,101,3.7310447415218047,0.9980872192273561,0.9337564083575266,4.087995774281751
0,54831.0,1244.5626170635223,0,264,1798,1,1.143646408839779,2.7332713246156373,28.249277011033975,0.44483866293111973,2,525,92,3.7583541100041735,0.9977052684301523,0.9364832554380016,4.321155628491605
0,40829.5,986.9818804264069,0,228,1700,1,1.420849420849421,2.334390575441776,23.85856383962689,0.5267027260663353,2,528,128,3.2062358151631183,0.999049179005885,0.9109774770893424,6.149413212988623
0,43210.5,1093.3250229358673,0,234,1751,1,1.4078014184397163,2.5908980456139132,27.663637444086852,0.45425590325054144,2,514,80,4.171912514005534,0.9966709943969805,0.9468332207770316,3.5877126183750927
0,65533.5,1338.118961572647,0,288,1867,1,1.4454545454545455,2.4019776145025062,27.32285556730923,0.4599215694495111,2,523,98,4.244954486398688,0.9976356700525076,0.9406243963543036,3.8949739904367346
0,57552.5,1105.7859206199646,0,270,1776,1,1.2408026755852843,1.9274401633291343,21.24603626673633,0.5914689430344992,2,548,99,3.9043686325718276,0.9980201400563417,0.9423177873769553,3.488088448151959
0,57552.5,1105.7859206199646,0,270,1776,1,1.2408026755852843,1.9274401633291343,21.24603626673633,0.5914689430344992,2,548,99,3.9043686325718276,0.9980201400563417,0.9423177873769553,3.488088448151959
0,90695.5,1322.2712029218674,0,339,1909,1,0.8978102189781022,1.6721777816980996,19.277705443781027,0.6518602875744777,2,555,122,4.103132286155405,0.9985431914636569,0.9202487387851819,4.156821683038141
0,53956.0,1199.224521279335,0,262,1823,1,0.5517970401691332,2.2880309882126175,26.65393009929665,0.471464079313796,2,541,96,3.698887978788692,0.9979115454917785,0.9047210491836808,5.227595611598123
0,64624.0,1280.3027293682098,0,286,1850,1,1.1240105540897098,2.4983597425105226,25.364803769925842,0.495425500955725,2,544,103,3.6652897155666135,0.9982389082616987,0.9307470068430093,5.105628018794892
0,65793.0,1268.1950821876526,0,289,1808,1,0.9593908629441624,2.2636450686243217,24.445134991335657,0.514064275726569,2,544,107,4.025807557144695,0.9982226088016937,0.9304905200582124,5.148685572154548
0,74377.5,1318.035700917244,0,307,1780,1,1.1379310344827587,2.1744882524957143,23.356769303786905,0.5380183556602474,2,539,111,4.02846640445148,0.9983416772396221,0.9294106760933163,5.204765024748252
0,113287.0,1464.101718902588,0,379,1947,1,0.7495145631067961,1.7547467935420658,18.92179899982798,0.6641213456750816,2,526,131,4.479676167289746,0.9986397746166584,0.9162707116991285,6.073243623949191
0,56503.5,1114.0113151073456,0,268,1805,1,0.7468030690537084,2.020618191793429,21.963616593435763,0.572144872448505,2,547,97,3.425417276837261,0.9981761419039024,0.9403325876696754,4.526324824464237
0,50156.5,1065.0651407241821,0,252,1708,1,0.7978723404255319,2.2489607528435998,22.616485480163526,0.555628796763356,2,530,90,3.118432354600923,0.9980150719761087,0.9378233146271613,4.446467005956353
0,62961.0,1153.8763217926025,0,283,1744,1,0.9340369393139841,2.130938199837995,21.14690945178167,0.5942414726375267,2,552,104,3.873675835907176,0.9981529237894374,0.9327046431656975,4.611604871390143
0,95055.5,1522.226608633995,0,347,1941,1,0.7763157894736842,2.3114496267969766,24.377062327096844,0.5154997942631814,2,544,127,4.1337565858148455,0.9986860565175649,0.9245823067310714,4.7443813023502255
0,96199.5,1462.67740213871,0,349,1841,1,1.0726872246696035,2.2983279538874943,22.239462603519204,0.5650483034770207,2,549,129,4.5876107192436795,0.998573558195916,0.9199626579109947,4.019023199263483
0,88433.0,1381.0966680049896,0,335,1899,1,1.146341463414634,2.179050806825506,21.569188044898223,0.5826074949229026,2,554,123,4.250584752307464,0.9985486612930724,0.9227882156824752,4.160067264899444
0,58718.0,1308.2783418893814,0,273,1886,1,1.950381679389313,2.2800844715419464,29.149361692442337,0.43110277154430116,2,528,97,3.8633268941640972,0.9978867952000849,0.9369438397050338,4.4864114033178915
0,60891.0,1206.052945971489,0,278,1746,1,1.0672268907563025,2.233778390895206,23.887991796595674,0.5260538734842513,2,559,101,3.5126425047921055,0.9981993777269961,0.9291739077838697,3.7536577021255
0,74338.5,1527.6580692529678,0,307,1997,1,0.5864406779661017,2.7460871553770927,31.393412250095242,0.40028686637340766,2,554,112,3.9404508839165775,0.9983420254550565,0.9228590914323317,4.548348191779252
0,132525.5,1754.202222585678,0,410,2109,1,1.0838323353293413,2.0527596575753346,23.2198741957173,0.5411902970894187,2,531,139,4.414449260770219,0.9987335023970335,0.910134991606661,5.082480691312246
0,85700.0,1566.3758823871613,0,330,1943,1,0.8465804066543438,2.8912252042007003,28.629327945439417,0.43893348241731833,2,551,121,4.451178803617811,0.9984460131222842,0.9176534493431941,5.263204847316083
0,75407.5,1482.9717757701874,0,309,1920,1,0.6869244935543278,2.6859264662003115,29.164277926346625,0.43088228160817515,2,547,114,3.850968393965592,0.9984592930847513,0.9208263163062185,4.821041973761956
0,123811.5,1639.2215563058853,0,397,2032,1,1.1377870563674322,2.1084874991418405,21.70272802330873,0.5790226279785146,2,536,141,4.676845490367304,0.9987619178477366,0.9161053772804943,5.0095900082652705
0,39861.0,936.0285619497299,0,225,1663,1,1.2538461538461538,2.126389202478613,21.980117628400677,0.5717153486986835,2,513,76,3.283792371368164,0.9970283399434424,0.9504045391719782,4.650756033737988
0,69313.0,1282.6458790302277,0,297,1793,1,0.7349137931034483,2.2827463823525167,23.735525096204544,0.5294330150028411,2,517,104,3.553515973726538,0.9983132196422203,0.9360829952659742,5.4446742078831045
0,9088.5,461.462984085083,0,107,2370,1,0.8541666666666666,1.9488364416570392,23.430498506982403,0.5363253628860833,2,551,106,5.209948653090069,0.9974971400168129,0.9018276828706229,6.964373264532639
0,55858.0,1141.2346287965775,0,266,2568,1,0.982089552238806,1.9731282895914641,23.31656124394826,0.5389461371633749,2,519,125,5.646341935547673,0.9982556503948999,0.897660681449322,7.225232278866557
0,408398.5,4254.642906308174,0,721,3227,1,1.8285714285714285,2.193935580076812,44.32432112311496,0.2835096014094587,2,554,103,5.090708903658871,0.9972753295988646,0.9007381713200663,7.037971813537297
0,32727.5,2752.090401649475,0,204,2945,1,9.411764705882353,5.31907417309602,231.4262188939323,0.054299684255389474,2,541,113,13.224830716035008,0.9944892059480765,0.8853897401734787,7.189669159343679
0,10252.5,488.29141223430634,0,114,2377,1,1.248,1.9019751280175567,23.255645282786958,0.5403578555466003,2,561,101,7.130779443745135,0.9963289646469928,0.9005712924716724,6.932435486179278
0,304.0,76.62741672992706,0,19,2259,1,1.25,1.644736842105263,19.315003272045743,0.650601526562838,2,511,148,8.60939778298964,0.9978511780951691,0.8677177106401094,7.528744441121867
0,415615.5,4581.520103931427,0,727,3235,1,1.7852161785216178,2.208194833927031,50.50419549494144,0.24881835045996992,2,530,115,5.706621255549559,0.9975985114702715,0.8884012399721384,7.28096113383243
0,426393.5,4378.868309020996,0,736,3227,1,1.8285714285714285,2.101345353529076,44.96899616844159,0.27944521081344526,2,525,126,7.506024660393214,0.9975463379704079,0.8914751530974954,7.411523431432897
0,20891.5,786.4924211502075,0,163,2449,1,2.6724137931034484,1.7212742024268244,29.608708255832056,0.42441468590187353,2,523,126,7.302002777820804,0.997543144692929,0.8904233921164438,7.345657853222356
0,217.5,76.72792184352875,0,16,2258,1,2.5833333333333335,1.710344827586207,27.067466622651292,0.46426105514592414,2,527,119,6.221090196545545,0.9976597298668932,0.900642632099451,7.026176383856519
0,261808.0,2937.4237813949585,0,577,2822,1,1.532684283727399,3.0264086658925624,32.95719944197525,0.381293642273326,2,467,166,11.669852053895502,0.9976275857486563,0.8278075075946375,8.111741686297854
0,18313.0,1018.6173105239868,0,152,2515,1,1.54337899543379,4.042046633539016,56.65817863261728,0.22179270350079516,2,497,172,13.227590304335484,0.9974213328173037,0.8349806655228043,7.918548075231696
0,157.0,63.313708424568176,0,14,1001,1,2.6,1.6560509554140128,25.53264760809704,0.492168724812309,2,544,120,6.220433254871665,0.9973813864958168,0.8883157087875126,7.178440153037096
0,228738.5,2630.754734992981,0,539,2593,1,1.4660766961651917,2.9462989396188224,30.256692579902328,0.4153253228578673,2,511,159,11.681491298808888,0.997261333425247,0.85062043368699,7.444994620050247
0,224747.5,2750.6125940084457,0,534,2693,1,1.1291512915129152,3.3207666381161083,33.66386563729461,0.3732895903801815,2,499,170,13.52378801125667,0.9974306454083841,0.8283643028877354,7.734763849824638
0,200168.0,2220.75769841671,0,504,2429,1,1.2352,2.4104752008313017,24.63812774807703,0.5100375622226393,2,507,155,10.08785675027704,0.9976416069030526,0.8517343991748633,7.57364533311292
0,8737.0,453.2203434705734,0,105,2368,1,1.2393162393162394,1.9417420167105415,23.51020713466688,0.5345070140122025,2,455,202,32.28976535181496,0.9958551232310868,0.6800921864280147,9.165469072018048
0,378330.0,3815.389281153679,0,694,3196,1,1.3333333333333333,3.2479581317897073,38.477507379119785,0.3265900384487599,2,447,203,17.483623800832923,0.9976782740165127,0.7997227057672128,8.372496197229115
0,283830.0,3082.952778697014,0,601,2782,1,1.245433789954338,3.3672127682063206,33.486938786159456,0.37526185043683363,2,471,175,13.397600161821,0.9976001936780838,0.8270674821458344,8.133914240377543
0,177.0,80.97056245803833,0,15,1324,1,4.111111111111111,1.88135593220339,37.04085867102309,0.3392570006534377,2,523,133,9.05351594708107,0.9970497686736135,0.8641609329357484,7.325560159986012
0,217671.5,2702.7547323703766,0,526,2669,1,1.137844611528822,3.328795914945227,33.55920799622581,0.37445373012892413,2,508,157,11.270522234226762,0.9973758942361317,0.8550594509262205,7.5555482657405175
0,23056.0,744.9015823602676,0,171,2450,1,0.717741935483871,1.9146426092990978,24.066549592419786,0.5221509035228377,2,482,166,11.667890153725537,0.9976640563334279,0.8299846830405109,7.983781474561099
0,224208.0,2457.291749358177,0,534,2478,1,1.3056379821958457,2.645400699350603,26.931611456610696,0.4666029968019088,2,495,162,11.535263372583229,0.9975425883467781,0.8468347560109755,7.813051607727722
0,179673.0,2509.492755174637,0,478,2470,1,1.554294975688817,3.2932215747496842,35.050084811151315,0.3585261114792263,2,531,148,10.812979617306281,0.9971077696184086,0.8649825156816922,7.222994794186851
0,177779.0,2526.7232061624527,0,475,2478,1,1.5642276422764227,3.327895870715889,35.911610260828695,0.3499250109668903,2,533,139,9.31621292646209,0.9970211516820773,0.8713305503307253,7.186941020453394
0,162938.0,2215.1353311538696,0,455,2374,1,1.7409638554216869,2.6498790951159337,30.11467266890574,0.4172839848707474,2,524,142,9.781610306279267,0.997265311173794,0.8746845902588725,7.332812601910871
0,22186.5,729.1442227363586,0,168,2446,1,0.7605042016806722,1.9416311721091655,23.962828636775004,0.5244109869013526,2,458,200,20.54806197655774,0.9973287017296413,0.7372439306506324,8.582701931956588
0,21530.5,716.6589415073395,0,165,2442,1,0.7489361702127659,1.9209957966605513,23.85453372854417,0.5267917100103424,2,506,160,14.728354696671557,0.9966250264832883,0.8157189081581162,7.741330887053481
0,14500.0,582.4751743078232,0,135,2405,1,0.7967914438502673,1.9215862068965517,23.398436461029586,0.5370602704710049,2,519,143,11.171448359457012,0.9968917902691323,0.855242636984531,7.482722529509249
0,130681.5,2362.927181959152,0,407,2452,1,2.440677966101695,3.185638365032541,42.72544214170652,0.29411914738484324,2,522,126,10.27939588430367,0.9962115351974739,0.8603103721185463,7.572894355405802
0,206982.0,2570.380058646202,0,513,2614,1,1.6610169491525424,2.793479626247693,31.91994301864922,0.3936839927006534,2,502,147,13.551564341138132,0.9962723880394899,0.8274767906155907,7.8200832955111625
0,221495.0,2768.203437924385,0,531,2644,1,1.6139817629179332,3.1549064312964177,34.59649325599397,0.36322671553371966,2,491,146,14.873775398396237,0.9958014547330224,0.81329620308356,8.060337505735065
0,187485.0,2422.23792052269,0,488,2498,1,1.3216463414634145,3.033586686934955,31.29443178717276,0.4015529248084954,2,494,137,11.337257299862426,0.9963269701363486,0.8424563383651322,7.845815165569551
0,149.0,54.97056221961975,0,13,2253,1,0.7368421052631579,1.7852348993288591,20.280286649269037,0.6196347631413831,2,528,111,7.1693074013716815,0.9964614469023945,0.8669694885096502,7.503863445895373
0,276518.5,3086.921257853508,0,593,2864,1,1.5170157068062826,3.202230592166528,34.460923418099995,0.36465565538963207,2,466,165,15.794817752261197,0.9965652608812645,0.7996699950669246,8.194473309103962
0,170637.5,2329.3434802293777,0,466,2476,1,1.403305785123967,3.010153102336825,31.79747153402452,0.3952003102168885,2,510,144,12.025856373605667,0.996733069188098,0.8465767152169978,7.601570057369847
0,321006.0,3303.9334419965744,0,639,2982,1,1.5154130702836004,3.104985576593584,34.005520735261435,0.36953913196008475,2,456,168,16.51524078493353,0.9964423670212073,0.7949231758613132,8.331657615636798
0,143668.5,2146.60841691494,0,427,2268,1,1.4925093632958801,2.962361269171739,32.07333337210359,0.3918012034660862,2,508,130,10.650686719682696,0.996429295047077,0.8554363123028719,7.685836032654844
0,140743.0,2232.723207473755,0,423,2411,1,1.4782608695652173,3.4726416233844666,35.419544284205195,0.35478634376340507,2,508,133,9.85823970100014,0.996822857426007,0.8573287756569538,7.712946184944294
0,252986.5,2753.4410272836685,0,567,2716,1,1.3355795148247978,2.906566160644936,29.967755159777077,0.41932972781444233,2,483,174,15.424481072454553,0.9971615235097988,0.8238784037233726,7.922247632797966
0,141023.0,2349.561735033989,0,423,2342,1,1.6215722120658136,3.4404955220070486,39.14567373219921,0.32101556612174814,2,535,130,10.238546555101516,0.9965402413522918,0.8795154146747606,7.067452976676731
0,187485.0,2422.23792052269,0,488,2498,1,1.3216463414634145,3.033586686934955,31.29443178717276,0.4015529248084954,2,494,137,11.337257299862426,0.9963269701363486,0.8424563383651322,7.845815165569551
0,149.0,54.97056221961975,0,13,2253,1,0.7368421052631579,1.7852348993288591,20.280286649269037,0.6196347631413831,2,528,111,7.1693074013716815,0.9964614469023945,0.8669694885096502,7.503863445895373
0,276518.5,3086.921257853508,0,593,2864,1,1.5170157068062826,3.202230592166528,34.460923418099995,0.36465565538963207,2,466,165,15.794817752261197,0.9965652608812645,0.7996699950669246,8.194473309103962
0,170637.5,2329.3434802293777,0,466,2476,1,1.403305785123967,3.010153102336825,31.79747153402452,0.3952003102168885,2,510,144,12.025856373605667,0.996733069188098,0.8465767152169978,7.601570057369847
0,321006.0,3303.9334419965744,0,639,2982,1,1.5154130702836004,3.104985576593584,34.005520735261435,0.36953913196008475,2,456,168,16.51524078493353,0.9964423670212073,0.7949231758613132,8.331657615636798
0,143668.5,2146.60841691494,0,427,2268,1,1.4925093632958801,2.962361269171739,32.07333337210359,0.3918012034660862,2,508,130,10.650686719682696,0.996429295047077,0.8554363123028719,7.685836032654844
0,140743.0,2232.723207473755,0,423,2411,1,1.4782608695652173,3.4726416233844666,35.419544284205195,0.35478634376340507,2,508,133,9.85823970100014,0.996822857426007,0.8573287756569538,7.712946184944294
0,252986.5,2753.4410272836685,0,567,2716,1,1.3355795148247978,2.906566160644936,29.967755159777077,0.41932972781444233,2,483,174,15.424481072454553,0.9971615235097988,0.8238784037233726,7.922247632797966
0,156069.0,2566.7576962709427,0,445,2482,1,1.6086235489220564,3.747765411452627,42.21366877064707,0.2976848727040066,2,519,132,9.801152491006016,0.9966832822362395,0.8781082270235313,7.093222738802584
0,136821.0,2119.429705142975,0,417,2202,1,1.6577319587628867,2.850001096322933,32.83108788155646,0.3827582765363857,2,524,128,10.09967714626122,0.9965167933052691,0.8752870755277464,7.189995611208808
0,266492.0,3118.183227658272,0,582,2803,1,1.4835858585858586,3.492037284421296,36.485397840270466,0.34442191556670215,2,476,173,15.635431701345345,0.9969977516337253,0.8273015956113436,7.676829384266041
0,141023.0,2349.561735033989,0,423,2342,1,1.6215722120658136,3.4404955220070486,39.14567373219921,0.32101556612174814,2,535,130,10.238546555101516,0.9965402413522918,0.8795154146747606,7.067452976676731
0,272605.5,3404.9313539266586,0,589,2812,1,1.6819973718791064,3.573222110338933,42.52869998937229,0.29547977289452637,2,481,168,13.641462702563725,0.9973277259338148,0.8443357616539582,7.727068813191986
